{
  "rows": [
    {
      "condition": "low_40",
      "label": "Low 40",
      "training_mode": "downsample",
      "word_top1_mean": 0.1255,
      "word_top1_sd": 0.03538007914066898,
      "word_top5_mean": 0.246,
      "word_top5_sd": 0.06928383649885449,
      "sent_top1_mean": 0.15066666666666667,
      "sent_top1_sd": 0.045003703551300456,
      "sent_top5_mean": 0.35133333333333333,
      "sent_top5_sd": 0.08329065573840401,
      "mlm_top1_mean": 0.5003666666666666,
      "mlm_top1_sd": 0.01699921566818111,
      "mlm_top5_mean": 0.9206,
      "mlm_top5_sd": 0.0007211102550928262,
      "mrr_mean": 0.6752,
      "mrr_sd": 0.008292767933567171
    },
    {
      "condition": "medium_60_full",
      "label": "Medium 60 full",
      "training_mode": "downsample",
      "word_top1_mean": 0.17016666666666666,
      "word_top1_sd": 0.019857828011475308,
      "word_top5_mean": 0.3418333333333333,
      "word_top5_sd": 0.020275190093642353,
      "sent_top1_mean": 0.16933333333333334,
      "sent_top1_sd": 0.03360555509634281,
      "sent_top5_mean": 0.41000000000000003,
      "sent_top5_sd": 0.04521061822182927,
      "mlm_top1_mean": 0.4737,
      "mlm_top1_sd": 0.010129659421717986,
      "mlm_top5_mean": 0.8881,
      "mlm_top5_sd": 0.001473091986265631,
      "mrr_mean": 0.6482,
      "mrr_sd": 0.00543415126767743
    },
    {
      "condition": "medium_60_full",
      "label": "Medium 60 full",
      "training_mode": "full_corpus",
      "word_top1_mean": 0.17033333333333334,
      "word_top1_sd": 0.057337451402493765,
      "word_top5_mean": 0.33066666666666666,
      "word_top5_sd": 0.07464303941650109,
      "sent_top1_mean": 0.19266666666666665,
      "sent_top1_sd": 0.07627144507175233,
      "sent_top5_mean": 0.428,
      "sent_top5_sd": 0.11135528725660045,
      "mlm_top1_mean": 0.4849,
      "mlm_top1_sd": 0.0047696960070847325,
      "mlm_top5_mean": 0.9063666666666667,
      "mlm_top5_sd": 0.007069181942299497,
      "mrr_mean": 0.6583666666666667,
      "mrr_sd": 0.0032624121954978654
    },
    {
      "condition": "high_80_full",
      "label": "High 80 full",
      "training_mode": "downsample",
      "word_top1_mean": 0.1895,
      "word_top1_sd": 0.09559811713626999,
      "word_top5_mean": 0.3586666666666667,
      "word_top5_sd": 0.14138363884599,
      "sent_top1_mean": 0.19733333333333333,
      "sent_top1_sd": 0.10944100389403112,
      "sent_top5_mean": 0.43466666666666665,
      "sent_top5_sd": 0.18238786509341384,
      "mlm_top1_mean": 0.4633,
      "mlm_top1_sd": 0.010115829180052414,
      "mlm_top5_mean": 0.8758,
      "mlm_top5_sd": 0.00929731143933556,
      "mrr_mean": 0.6354,
      "mrr_sd": 0.00849234949822482
    },
    {
      "condition": "high_80_full",
      "label": "High 80 full",
      "training_mode": "full_corpus",
      "word_top1_mean": 0.3855,
      "word_top1_sd": 0.04386342439892262,
      "word_top5_mean": 0.5853333333333333,
      "word_top5_sd": 0.047718794340734685,
      "sent_top1_mean": 0.36933333333333335,
      "sent_top1_sd": 0.051471675058553656,
      "sent_top5_mean": 0.664,
      "sent_top5_sd": 0.07717512552629896,
      "mlm_top1_mean": 0.49696666666666667,
      "mlm_top1_sd": 0.012760224658419334,
      "mlm_top5_mean": 0.9129666666666667,
      "mlm_top5_sd": 0.0036909799963333973,
      "mrr_mean": 0.6663666666666667,
      "mrr_sd": 0.0068383721259765735
    },
    {
      "condition": "low_40_relation",
      "label": "Low 40 relation",
      "training_mode": "downsample",
      "word_top1_mean": 0.2981666666666667,
      "word_top1_sd": 0.05948599274899372,
      "word_top5_mean": 0.49333333333333335,
      "word_top5_sd": 0.07134131575274831,
      "sent_top1_mean": 0.258,
      "sent_top1_sd": 0.07302054505411473,
      "sent_top5_mean": 0.5453333333333333,
      "sent_top5_sd": 0.11391809923507913,
      "mlm_top1_mean": 0.5501,
      "mlm_top1_sd": 0.016813387523042466,
      "mlm_top5_mean": 0.9412666666666667,
      "mlm_top5_sd": 0.008450641001328411,
      "mrr_mean": 0.7138333333333333,
      "mrr_sd": 0.010739801363774521
    },
    {
      "condition": "medium_60_relation",
      "label": "Medium 60 relation",
      "training_mode": "downsample",
      "word_top1_mean": 0.34983333333333333,
      "word_top1_sd": 0.0782325592917254,
      "word_top5_mean": 0.569,
      "word_top5_sd": 0.09277526610039986,
      "sent_top1_mean": 0.2906666666666667,
      "sent_top1_sd": 0.09654705243213454,
      "sent_top5_mean": 0.5793333333333334,
      "sent_top5_sd": 0.1298665982203789,
      "mlm_top1_mean": 0.5048333333333334,
      "mlm_top1_sd": 0.0007505553499465418,
      "mlm_top5_mean": 0.9119333333333334,
      "mlm_top5_sd": 0.015877447317920308,
      "mrr_mean": 0.6760666666666667,
      "mrr_sd": 0.0024419937209856106
    },
    {
      "condition": "medium_60_relation",
      "label": "Medium 60 relation",
      "training_mode": "full_corpus",
      "word_top1_mean": 0.5176666666666667,
      "word_top1_sd": 0.09743886972524535,
      "word_top5_mean": 0.7203333333333334,
      "word_top5_sd": 0.08623417729261025,
      "sent_top1_mean": 0.51,
      "sent_top1_sd": 0.039949968710876395,
      "sent_top5_mean": 0.7913333333333333,
      "sent_top5_sd": 0.019731531449264945,
      "mlm_top1_mean": 0.5335,
      "mlm_top1_sd": 0.005565069631190628,
      "mlm_top5_mean": 0.9302333333333334,
      "mlm_top5_sd": 0.009765415164412265,
      "mrr_mean": 0.6999666666666666,
      "mrr_sd": 0.0030989245446337217
    },
    {
      "condition": "high_80_relation",
      "label": "High 80 relation",
      "training_mode": "downsample",
      "word_top1_mean": 0.5191666666666667,
      "word_top1_sd": 0.0423359579238894,
      "word_top5_mean": 0.7323333333333334,
      "word_top5_sd": 0.0310818811099543,
      "sent_top1_mean": 0.464,
      "sent_top1_sd": 0.026229754097208,
      "sent_top5_mean": 0.7446666666666667,
      "sent_top5_sd": 0.020033305601755643,
      "mlm_top1_mean": 0.49293333333333333,
      "mlm_top1_sd": 0.005697660338536627,
      "mlm_top5_mean": 0.8829,
      "mlm_top5_sd": 0.0018083141320025342,
      "mrr_mean": 0.6578333333333334,
      "mrr_sd": 0.0038083242158898894
    },
    {
      "condition": "high_80_relation",
      "label": "High 80 relation",
      "training_mode": "full_corpus",
      "word_top1_mean": 0.654,
      "word_top1_sd": 0.04164432734478971,
      "word_top5_mean": 0.8298333333333333,
      "word_top5_sd": 0.025121372043209182,
      "sent_top1_mean": 0.6473333333333333,
      "sent_top1_sd": 0.03139001964531617,
      "sent_top5_mean": 0.8866666666666667,
      "sent_top5_sd": 0.03557152419187763,
      "mlm_top1_mean": 0.5213333333333333,
      "mlm_top1_sd": 0.00213853532431272,
      "mlm_top5_mean": 0.9200333333333334,
      "mlm_top5_sd": 0.004785742714912002,
      "mrr_mean": 0.6878666666666667,
      "mrr_sd": 0.004554484969053397
    },
    {
      "condition": "full_graph",
      "label": "Full graph",
      "training_mode": "downsample",
      "word_top1_mean": 0.5255,
      "word_top1_sd": 0.06965629906907199,
      "word_top5_mean": 0.7433333333333333,
      "word_top5_sd": 0.05723708005596838,
      "sent_top1_mean": 0.456,
      "sent_top1_sd": 0.045033320996790825,
      "sent_top5_mean": 0.7553333333333333,
      "sent_top5_sd": 0.027006172134038817,
      "mlm_top1_mean": 0.4691,
      "mlm_top1_sd": 0.006722350779303341,
      "mlm_top5_mean": 0.8597,
      "mlm_top5_sd": 0.0030999999999999917,
      "mrr_mean": 0.6351333333333333,
      "mrr_sd": 0.005729165151514907
    },
    {
      "condition": "full_graph",
      "label": "Full graph",
      "training_mode": "full_corpus",
      "word_top1_mean": 0.715,
      "word_top1_sd": 0.027712812921102063,
      "word_top5_mean": 0.868,
      "word_top5_sd": 0.011357816691600558,
      "sent_top1_mean": 0.7046666666666667,
      "sent_top1_sd": 0.0219393102292058,
      "sent_top5_mean": 0.9013333333333333,
      "sent_top5_sd": 0.016165807537309534,